,sectors,industries,num_observations
0,"[4.0, 8.0]","[21.0, 30.0]",749
3,[8.0],[11.0],192
4,[3.0],[60.0],751
5,[11.0],[15.0],749
6,[8.0],[69.0],546
9,[8.0],"[20.0, 21.0]",586
10,[4.0],[56.0],749
11,[7.0],[8.0],305
13,[8.0],[69.0],539
14,[3.0],[60.0],751
16,[4.0],[14.0],348
17,[4.0],[30.0],480
18,[4.0],[30.0],750
20,[1.0],[48.0],745
21,[4.0],[10.0],745
23,[7.0],[38.0],749
24,[7.0],[38.0],744
27,[11.0],[64.0],577
28,[11.0],[62.0],519
29,[11.0],[15.0],748
31,[4.0],[14.0],308
32,[11.0],[64.0],750
33,[11.0],[62.0],750
34,[4.0],[3.0],749
35,[4.0],[14.0],749
36,"[2.0, 7.0]","[1.0, 18.0]",740
37,[11.0],[64.0],749
40,[12.0],[19.0],747
42,[11.0],[62.0],417
43,[8.0],[21.0],428
44,[7.0],[38.0],546
45,[1.0],[48.0],747
46,[3.0],[60.0],744
47,[12.0],[19.0],748
48,[12.0],[19.0],742
53,[7.0],[38.0],737
54,[7.0],[38.0],745
55,[1.0],[48.0],737
56,[8.0],[45.0],749
57,[4.0],[10.0],23
58,[7.0],[38.0],25
60,[7.0],[38.0],528
65,[4.0],[30.0],22
66,[4.0],[14.0],749
67,[7.0],[38.0],746
72,[8.0],[45.0],325
74,[7.0],[38.0],750
75,[7.0],[38.0],750
76,[11.0],[64.0],749
79,[1.0],[12.0],750
80,[12.0],[19.0],271
81,[8.0],[69.0],630
82,[4.0],[30.0],751
84,[3.0],[4.0],747
85,[4.0],[56.0],734
86,[7.0],[38.0],749
87,[4.0],[10.0],750
93,[3.0],[7.0],749
94,[4.0],[10.0],102
96,[11.0],[62.0],751
97,[11.0],[62.0],749
98,[8.0],[20.0],748
99,[4.0],[31.0],745
100,[7.0],[18.0],750
101,[4.0],[10.0],751
102,[11.0],[62.0],605
104,[7.0],[18.0],751
106,[4.0],[10.0],104
113,[2.0],[39.0],749
114,[3.0],[60.0],750
116,[4.0],[3.0],53
117,[3.0],[60.0],744
120,[11.0],[64.0],750
124,[8.0],[49.0],748
125,[6.0],[53.0],39
127,[1.0],[12.0],751
128,[8.0],[21.0],748
130,[4.0],[10.0],15
133,[7.0],[40.0],732
138,[4.0],[10.0],298
144,[8.0],[21.0],748
145,[4.0],[10.0],748
146,[7.0],[8.0],739
148,"[4.0, 11.0]","[14.0, 15.0]",613
154,[4.0],[10.0],153
155,[1.0],[41.0],747
158,[12.0],[28.0],750
160,[8.0],[55.0],744
161,[4.0],[30.0],144
163,[11.0],[64.0],678
165,[1.0],[48.0],677
170,[1.0],[48.0],295
171,[12.0],[19.0],403
173,[4.0],"[10.0, 56.0]",750
176,[8.0],[21.0],746
177,[4.0],[35.0],748
181,[7.0],[18.0],751
183,[7.0],[38.0],719
184,[8.0],[20.0],748
185,[4.0],[56.0],745
186,[3.0],[60.0],751
187,[11.0],[64.0],343
189,[8.0],[2.0],749
190,[7.0],[8.0],748
191,[7.0],[58.0],714
194,[4.0],[30.0],748
195,[3.0],[60.0],17
198,[1.0],[48.0],259
199,[7.0],[8.0],747
201,[3.0],[60.0],750
202,[3.0],[42.0],750
203,[2.0],[66.0],745
204,[4.0],[14.0],337
207,[4.0],[10.0],659
208,[7.0],[8.0],727
210,[8.0],[20.0],257
211,[3.0],[42.0],81
212,[4.0],[56.0],740
215,[3.0],[60.0],534
216,[7.0],[18.0],746
218,[4.0],[9.0],745
219,[4.0],[3.0],711
221,[7.0],[18.0],39
222,[3.0],[60.0],196
225,[1.0],[48.0],662
227,[2.0],[39.0],750
228,[3.0],[60.0],472
229,[4.0],[10.0],749
230,[4.0],[10.0],751
231,[4.0],[56.0],590
233,[7.0],[8.0],750
235,[3.0],[60.0],307
236,[12.0],[19.0],627
240,[6.0],[22.0],560
241,[8.0],[11.0],748
242,[7.0],[18.0],751
243,[11.0],[64.0],266
244,[8.0],[55.0],745
246,[8.0],[21.0],199
247,[7.0],[8.0],748
248,[4.0],[10.0],747
250,[4.0],[56.0],743
251,[7.0],[8.0],744
253,[7.0],[61.0],173
254,[7.0],[8.0],311
255,[7.0],[8.0],128
258,[6.0],[53.0],742
263,[7.0],[8.0],746
266,[8.0],[21.0],116
270,[4.0],[30.0],750
271,"[4.0, 11.0]","[30.0, 62.0]",749
272,[7.0],[38.0],748
275,[4.0],[30.0],748
281,[3.0],[7.0],739
285,[3.0],[43.0],749
288,[7.0],[8.0],747
292,[11.0],[15.0],750
293,[4.0],[26.0],743
294,[4.0],[56.0],747
296,[3.0],[60.0],746
298,[4.0],[26.0],439
301,[8.0],[21.0],63
302,[4.0],[14.0],743
303,[3.0],[60.0],750
304,[8.0],[44.0],751
306,[3.0],[7.0],67
309,[7.0],[59.0],748
312,[3.0],[60.0],750
313,[2.0],[46.0],744
314,[7.0],[8.0],750
316,[1.0],[12.0],520
317,[7.0],[8.0],28
322,[1.0],[48.0],743
323,[8.0],[55.0],750
324,[3.0],[42.0],747
325,[11.0],[62.0],376
326,[2.0],[39.0],251
327,[4.0],[14.0],87
329,[1.0],[48.0],326
330,[11.0],[64.0],750
331,[1.0],[12.0],748
338,[1.0],[48.0],338
339,[6.0],[53.0],15
340,[11.0],[64.0],342
342,[11.0],[62.0],32
343,[1.0],[12.0],750
345,[7.0],[8.0],750
347,[8.0],[45.0],748
349,[4.0],[35.0],748
350,[3.0],[24.0],748
351,[4.0],[31.0],751
352,[7.0],[8.0],72
353,[3.0],[43.0],748
355,[11.0],[15.0],748
358,[8.0],[69.0],748
365,[2.0],[66.0],748
367,[7.0],[38.0],747
369,[4.0],[16.0],744
370,[6.0],[54.0],40
372,[4.0],[14.0],3
373,[4.0],[10.0],249
374,[1.0],[41.0],746
375,[2.0],[66.0],170
376,[4.0],[14.0],98
377,[8.0],[25.0],749
378,[8.0],[21.0],86
379,[4.0],[35.0],750
380,[7.0],[8.0],747
381,[7.0],[8.0],547
382,[1.0],[41.0],749
383,[2.0],[46.0],744
385,[7.0],[18.0],750
386,[3.0],[6.0],749
387,[4.0],[30.0],74
388,[1.0],[48.0],54
389,[12.0],[19.0],746
392,[4.0],[31.0],746
394,[8.0],[69.0],748
396,[4.0],[30.0],751
397,[7.0],[38.0],487
398,[12.0],[19.0],743
399,[6.0],[53.0],748
402,[6.0],[53.0],741
404,[7.0],[18.0],747
405,[6.0],[53.0],749
406,[3.0],[5.0],745
407,[8.0],[21.0],283
408,[11.0],[62.0],118
409,[4.0],[9.0],386
411,[7.0],[8.0],536
412,[3.0],[5.0],749
414,[4.0],[30.0],750
416,[6.0],[53.0],749
417,[4.0],[56.0],179
418,[3.0],[60.0],750
419,[4.0],[9.0],56
420,[8.0],[69.0],749
421,[3.0],[4.0],726
422,[4.0],[26.0],745
423,[6.0],[53.0],750
425,[4.0],[26.0],748
426,[3.0],[17.0],749
429,[8.0],"[45.0, 47.0]",340
432,[11.0],[62.0],751
433,[8.0],[11.0],590
434,[3.0],[5.0],749
435,[4.0],[10.0],146
436,[6.0],[53.0],560
437,[4.0],[31.0],751
438,[11.0],[64.0],751
441,[1.0],[41.0],75
442,[11.0],[62.0],750
444,[7.0],[8.0],426
446,[2.0],[66.0],748
449,[4.0],[14.0],742
451,[8.0],[49.0],749
453,[8.0],[69.0],747
454,[4.0],[14.0],751
455,[3.0],[7.0],19
456,[2.0],[66.0],520
457,[3.0],[60.0],175
458,[2.0],[39.0],749
459,[11.0],[15.0],749
460,[11.0],[64.0],426
461,[11.0],[15.0],62
462,[3.0],[42.0],596
463,[4.0],[30.0],66
464,[8.0],[25.0],56
465,[7.0],[8.0],225
467,[3.0],[33.0],2
471,[4.0],[56.0],747
472,[6.0],[53.0],751
473,[8.0],"[2.0, 45.0]",713
475,[8.0],[25.0],200
481,[4.0],[31.0],117
486,[4.0],"[10.0, 56.0]",661
487,[12.0],[19.0],743
489,[4.0],[3.0],749
490,[7.0],[8.0],739
492,[8.0],[49.0],723
495,[11.0],[15.0],376
496,[3.0],[60.0],730
497,[8.0],[45.0],751
498,[3.0],[5.0],751
501,[4.0],[9.0],748
506,[4.0],[31.0],750
507,[3.0],[33.0],750
508,[4.0],[30.0],740
509,[8.0],[69.0],312
510,[3.0],[60.0],324
511,[11.0],[62.0],401
512,[2.0],[46.0],747
513,[2.0],[46.0],319
514,[2.0],[46.0],704
515,[3.0],[60.0],751
516,[3.0],[34.0],750
517,[3.0],[60.0],751
525,[8.0],[45.0],747
527,[11.0],[15.0],745
529,[3.0],[60.0],748
531,[3.0],[60.0],750
536,[3.0],[60.0],224
538,[12.0],[19.0],739
541,[12.0],[19.0],750
542,[4.0],[14.0],57
543,[4.0],[31.0],747
544,[4.0],[10.0],543
545,[6.0],[53.0],749
546,[3.0],[33.0],590
548,[4.0],[56.0],750
550,[8.0],[23.0],750
554,[3.0],[60.0],750
555,[2.0],[39.0],748
556,[11.0],[64.0],15
557,[12.0],[19.0],63
559,[1.0],[12.0],750
560,[7.0],[18.0],104
561,[12.0],[19.0],749
563,[4.0],[14.0],750
565,[4.0],[14.0],750
566,[11.0],[64.0],314
567,[8.0],[69.0],142
569,[1.0],[48.0],209
570,[2.0],[39.0],4
572,[4.0],[16.0],749
577,[3.0],[42.0],744
579,[8.0],[23.0],750
581,[1.0],[12.0],750
582,[8.0],[20.0],750
583,[6.0],[57.0],741
584,[4.0],[56.0],147
586,[12.0],[19.0],31
587,[4.0],[16.0],133
588,[8.0],[20.0],440
589,[11.0],[62.0],751
590,[6.0],[53.0],750
592,[11.0],[64.0],67
595,[6.0],[53.0],744
596,[6.0],[53.0],504
597,[2.0],[66.0],722
598,[7.0],[38.0],262
599,[8.0],[2.0],510
606,[6.0],[53.0],265
611,[8.0],"[20.0, 49.0]",750
613,[12.0],[19.0],750
614,[7.0],[18.0],29
615,[4.0],[30.0],750
616,[7.0],[8.0],747
617,[4.0],"[10.0, 30.0]",749
619,[12.0],[19.0],732
620,[4.0],[10.0],744
621,[1.0],[48.0],104
623,[8.0],[11.0],750
624,[8.0],[69.0],748
625,[2.0],[39.0],751
626,[8.0],[23.0],492
627,[2.0],[66.0],310
629,[3.0],[6.0],737
630,[3.0],[17.0],748
631,[7.0],[8.0],340
633,[7.0],[8.0],453
636,[6.0],[22.0],311
637,[3.0],[60.0],33
638,[4.0],[14.0],751
639,[7.0],[8.0],751
641,[1.0],[48.0],748
644,[2.0],[46.0],750
645,[8.0],[69.0],750
646,[12.0],[19.0],743
648,[7.0],[8.0],271
649,[2.0],[39.0],750
650,[4.0],[10.0],231
651,[7.0],[8.0],736
652,[11.0],[64.0],751
653,[7.0],[18.0],547
655,[11.0],[64.0],747
656,[11.0],[64.0],744
657,[7.0],[8.0],744
658,[8.0],[23.0],288
659,[4.0],[9.0],142
660,[3.0],[60.0],747
661,[8.0],[21.0],742
662,[8.0],[21.0],79
663,[4.0],[26.0],730
664,[8.0],[23.0],747
665,[8.0],[45.0],745
666,[2.0],[39.0],165
668,[1.0],[12.0],748
673,[7.0],[8.0],735
677,[11.0],[62.0],137
680,[8.0],[69.0],409
691,[1.0],[12.0],569
692,[7.0],[8.0],118
694,[8.0],[69.0],120
696,[4.0],[30.0],151
697,[7.0],[8.0],417
699,[3.0],[24.0],146
700,[2.0],[46.0],697
702,[8.0],[2.0],750
705,[8.0],[49.0],732
708,[4.0],[14.0],92
710,[3.0],[60.0],418
713,[1.0],[48.0],736
716,[1.0],[41.0],644
718,[8.0],[45.0],748
724,[3.0],[5.0],245
725,[4.0],[10.0],746
726,[2.0],[66.0],41
727,[4.0],[26.0],744
731,[6.0],[57.0],444
732,[2.0],[66.0],750
734,[3.0],[60.0],17
735,[8.0],[70.0],91
738,[3.0],[7.0],744
739,[7.0],[38.0],87
743,[3.0],[60.0],751
744,[3.0],[60.0],750
745,[8.0],[55.0],742
746,[4.0],[14.0],750
749,[3.0],[60.0],743
751,[1.0],[12.0],151
752,[8.0],[21.0],747
754,[7.0],[8.0],751
755,[8.0],[20.0],293
756,[4.0],[56.0],733
757,[3.0],[7.0],744
763,[3.0],[17.0],751
765,[8.0],[2.0],558
766,[3.0],[4.0],374
767,[4.0],[30.0],748
768,[4.0],[26.0],493
769,[6.0],[54.0],747
770,[4.0],[10.0],750
772,[3.0],[68.0],748
774,[7.0],[8.0],735
775,[7.0],[8.0],745
776,[7.0],[8.0],513
780,[3.0],[83.0],77
781,[3.0],[60.0],751
782,[7.0],[8.0],747
783,[12.0],[19.0],155
784,[8.0],[2.0],750
785,[8.0],[2.0],747
786,[4.0],[35.0],751
788,[6.0],[53.0],748
791,[3.0],[60.0],389
792,[7.0],[38.0],750
794,[1.0],[48.0],527
795,[4.0],[56.0],737
796,[2.0],[66.0],157
797,[4.0],[31.0],735
798,[6.0],[54.0],58
800,[3.0],[6.0],705
803,[4.0],[14.0],18
804,[1.0],[48.0],48
807,[3.0],[42.0],747
809,[4.0],[30.0],749
810,[8.0],[21.0],747
815,[6.0],[53.0],750
816,[11.0],[15.0],747
818,[4.0],[14.0],743
820,[4.0],[30.0],208
821,[4.0],[35.0],745
822,[4.0],[26.0],739
823,[8.0],[2.0],748
825,[4.0],"[30.0, 56.0]",749
826,[4.0],[56.0],22
828,[4.0],[26.0],746
829,[7.0],[58.0],162
830,[7.0],[8.0],157
831,[8.0],[21.0],751
832,[8.0],[69.0],173
833,[4.0],[31.0],750
834,[1.0],[12.0],745
837,[4.0],[31.0],43
838,[8.0],[2.0],749
840,[3.0],[60.0],156
843,[4.0],[30.0],748
845,[11.0],[15.0],741
846,[7.0],[8.0],736
847,[7.0],[18.0],748
848,[4.0],[31.0],750
850,[4.0],[30.0],750
851,[12.0],[19.0],751
852,[2.0],[66.0],209
855,[4.0],[30.0],750
856,[8.0],[45.0],749
857,[1.0],[12.0],749
864,[8.0],[21.0],746
865,[4.0],[10.0],750
868,[4.0],[10.0],147
871,[4.0],[10.0],747
872,[7.0],[8.0],21
875,[11.0],[15.0],742
876,[7.0],[8.0],732
878,[4.0],[10.0],747
880,[11.0],[62.0],746
881,[11.0],[64.0],749
884,[1.0],[27.0],735
885,[4.0],[16.0],54
886,[2.0],[1.0],748
888,[8.0],"[11.0, 49.0]",751
889,[3.0],[34.0],476
892,[7.0],[61.0],257
893,[8.0],[21.0],26
895,[4.0],[10.0],747
896,[4.0],[30.0],751
897,[4.0],[14.0],750
901,[8.0],[21.0],475
903,[7.0],[8.0],332
904,[8.0],[49.0],750
905,[1.0],[48.0],151
906,[7.0],[18.0],744
907,[3.0],[60.0],746
909,[8.0],[69.0],750
910,[8.0],[21.0],748
911,[3.0],[4.0],695
913,"[2.0, 11.0]","[39.0, 64.0]",741
916,[2.0],[66.0],549
917,[8.0],[23.0],416
920,[11.0],[64.0],749
921,[7.0],[59.0],751
922,[4.0],[56.0],748
923,[2.0],[66.0],743
926,[2.0],[39.0],147
929,[7.0],[8.0],751
934,[3.0],[60.0],746
935,[4.0],[26.0],738
937,[3.0],[33.0],749
945,[8.0],[69.0],746
946,[7.0],[8.0],741
948,[4.0],[26.0],748
949,[4.0],[14.0],147
950,[1.0],[48.0],364
951,[3.0],[60.0],61
953,[11.0],[62.0],751
954,[11.0],[62.0],724
955,[4.0],[35.0],749
958,[8.0],[29.0],524
959,[3.0],[60.0],748
961,[3.0],[51.0],8
964,[4.0],[9.0],746
965,[3.0],[34.0],107
966,[4.0],[26.0],745
969,[3.0],[60.0],744
970,[8.0],[69.0],208
972,[8.0],[2.0],256
975,[1.0],[12.0],36
976,[7.0],[38.0],748
977,[3.0],[60.0],751
980,[4.0],[26.0],308
981,[7.0],[18.0],747
982,[2.0],[46.0],720
987,[8.0],[29.0],746
988,[3.0],[34.0],747
989,[3.0],[33.0],751
992,[8.0],[20.0],751
993,[12.0],[28.0],748
994,[3.0],[24.0],27
995,[4.0],[10.0],157
996,[4.0],[31.0],739
997,[4.0],[31.0],533
999,[8.0],[11.0],751
1001,[3.0],[17.0],750
1004,[4.0],[56.0],751
1006,[4.0],[30.0],14
1007,[8.0],[2.0],749
1008,[7.0],[38.0],747
1012,[12.0],[19.0],747
1013,[11.0],[15.0],749
1014,[3.0],[60.0],749
1017,[11.0],[64.0],386
1018,[8.0],[11.0],749
1019,[11.0],[62.0],750
1020,[11.0],[62.0],749
1022,[8.0],[69.0],750
1023,[3.0],[60.0],736
1026,[7.0],[18.0],737
1027,[3.0],[4.0],747
1029,[3.0],[43.0],748
1031,[4.0],[10.0],10
1033,[3.0],[24.0],749
1034,[3.0],[60.0],21
1035,[3.0],[60.0],744
1036,[4.0],[14.0],749
1037,[11.0],[64.0],747
1038,[11.0],[64.0],120
1039,[3.0],[43.0],749
1040,[8.0],[11.0],750
1041,[3.0],[68.0],744
1044,[2.0],[66.0],272
1045,[3.0],[60.0],750
1046,[11.0],[62.0],749
1047,[4.0],[56.0],750
1048,[4.0],[14.0],749
1050,[4.0],[31.0],131
1051,[3.0],[33.0],701
1053,[2.0],[46.0],26
1055,[11.0],[64.0],563
1056,[4.0],[30.0],748
1057,[8.0],[11.0],738
1059,[4.0],[14.0],616
1062,[1.0],[12.0],122
1063,[7.0],[38.0],749
1064,[7.0],[38.0],742
1066,[3.0],[7.0],749
1067,[4.0],[14.0],240
1068,[4.0],[31.0],144
1069,[3.0],[43.0],749
1072,"[3.0, 8.0]","[11.0, 67.0]",749
1073,[3.0],[33.0],221
1074,[4.0],[14.0],750
1076,[4.0],[14.0],170
1077,[8.0],[45.0],751
1079,[4.0],[26.0],745
1080,[7.0],[38.0],750
1081,[11.0],[62.0],750
1082,[4.0],[14.0],750
1083,[3.0],[34.0],283
1084,[8.0],[47.0],227
1085,[8.0],[11.0],748
1086,[7.0],[38.0],748
1087,[8.0],[49.0],733
1089,[11.0],[15.0],750
1090,[4.0],[30.0],431
1095,[4.0],[3.0],741
1096,[8.0],[11.0],91
1097,[8.0],[2.0],8
1098,[4.0],[31.0],751
1102,[4.0],[14.0],749
1103,[1.0],[12.0],750
1104,[11.0],[62.0],13
1105,[11.0],[62.0],751
1106,[8.0],[2.0],450
1108,[4.0],[56.0],722
1109,[6.0],[53.0],748
1110,[11.0],[62.0],50
1112,[7.0],[8.0],749
1113,[8.0],[29.0],120
1116,[11.0],[64.0],750
1117,[2.0],[66.0],750
1118,[3.0],[60.0],747
1119,[11.0],[64.0],750
1121,[7.0],[8.0],750
1122,[8.0],[21.0],751
1123,[7.0],[38.0],737
1124,[3.0],[33.0],751
1126,[3.0],[24.0],751
1127,[3.0],[7.0],84
1129,[11.0],[15.0],21
1130,[7.0],[8.0],230
1132,[8.0],[23.0],751
1133,[11.0],[62.0],751
1134,[6.0],[53.0],749
1135,[8.0],[21.0],252
1140,[11.0],[62.0],105
1141,[4.0],[10.0],60
1143,[4.0],[10.0],282
1144,[11.0],[62.0],608
1146,[8.0],[21.0],687
1147,[3.0],[6.0],98
1148,[4.0],[56.0],748
1150,[6.0],[53.0],523
1151,[11.0],[15.0],737
1152,[8.0],[11.0],86
1153,[11.0],[64.0],165
1154,[7.0],[18.0],748
1156,[8.0],[45.0],751
1158,[12.0],[19.0],748
1159,[1.0],[48.0],747
1160,[4.0],[30.0],346
1163,[12.0],[28.0],614
1164,[2.0],[39.0],751
1167,[12.0],[19.0],696
1168,[12.0],[28.0],742
1169,[2.0],[66.0],750
1172,[12.0],[28.0],581
1173,[3.0],[5.0],748
1174,[4.0],[10.0],166
1176,[3.0],[42.0],110
1179,[8.0],[2.0],751
1180,[2.0],[66.0],1
1181,[6.0],[54.0],747
1183,[12.0],[19.0],746
1185,[8.0],[69.0],750
1186,[11.0],[15.0],603
1187,[4.0],[14.0],467
1191,[11.0],[15.0],747
1193,[11.0],[64.0],748
1196,[7.0],[8.0],750
1198,[12.0],[19.0],748
1199,[11.0],[64.0],227
1200,[1.0],[41.0],751
1201,[3.0],[60.0],476
1202,[4.0],[30.0],665
1203,[4.0],[10.0],746
1204,[11.0],[62.0],750
1208,[11.0],[62.0],72
1209,[4.0],[56.0],750
1210,[3.0],[33.0],751
1211,[4.0],[56.0],739
1213,[12.0],[19.0],368
1214,[3.0],[36.0],739
1217,[2.0],[46.0],751
1220,[7.0],[61.0],735
1221,[2.0],[46.0],747
1225,[8.0],[69.0],749
1228,[12.0],[19.0],740
1230,[6.0],[54.0],110
1232,[6.0],[57.0],748
1233,[1.0],[12.0],750
1234,[2.0],[1.0],750
1235,[4.0],[30.0],749
1237,[4.0],[56.0],494
1239,[7.0],[8.0],614
1240,[11.0],[62.0],748
1243,[12.0],[19.0],751
1245,[11.0],[64.0],750
1246,[7.0],[38.0],727
1247,[3.0],[60.0],751
1250,[8.0],[44.0],750
1251,[2.0],[39.0],750
1253,[11.0],[64.0],652
1256,[3.0],[5.0],160
1257,[6.0],[53.0],746
1260,[1.0],[48.0],742
1261,[7.0],[8.0],547
1262,[3.0],[60.0],678
1263,[8.0],[20.0],750
1264,[11.0],[15.0],58
1267,[11.0],[64.0],750
1268,[7.0],[61.0],261
1270,[11.0],[52.0],68
1271,[7.0],[61.0],244
1272,[6.0],[53.0],692
1273,[6.0],[53.0],681
1274,[3.0],[6.0],747
1276,[2.0],[39.0],750
1279,[4.0],[30.0],735
1282,[12.0],[19.0],749
1283,[11.0],[64.0],452
1284,[6.0],[22.0],86
1285,[3.0],[24.0],750
1286,[4.0],[9.0],750
1287,[6.0],[53.0],624
1289,[3.0],[60.0],51
1291,[4.0],[56.0],748
1292,[7.0],[38.0],751
1293,[4.0],[16.0],748
1296,[7.0],[38.0],749
1297,[8.0],[49.0],751
1300,[3.0],[33.0],748
1301,[3.0],[42.0],751
1305,[8.0],[55.0],750
1306,"[4.0, 8.0]","[21.0, 30.0]",751
1307,[1.0],[41.0],111
1309,[11.0],[62.0],23
1310,[3.0],[60.0],409
1313,[2.0],[66.0],165
1314,[6.0],[22.0],713
1317,[11.0],[64.0],749
1319,[7.0],[8.0],751
1320,[7.0],[8.0],749
1322,[12.0],[19.0],660
1323,[8.0],[25.0],750
1325,[12.0],[19.0],750
1327,"[1.0, 3.0]","[12.0, 17.0]",553
1329,[3.0],[17.0],751
1331,[11.0],[62.0],750
1334,[4.0],[26.0],393
1336,[1.0],[12.0],750
1337,[4.0],[10.0],33
1338,[12.0],[19.0],737
1342,[2.0],[39.0],389
1343,[4.0],[56.0],746
1344,[11.0],[64.0],30
1345,[7.0],[38.0],750
1349,[7.0],[40.0],101
1354,[6.0],[53.0],540
1355,[4.0],"[10.0, 56.0]",557
1359,[7.0],[38.0],125
1361,[3.0],[5.0],749
1366,[4.0],[14.0],750
1368,[6.0],[53.0],749
1370,[3.0],[60.0],750
1371,[11.0],[62.0],751
1373,[4.0],[30.0],334
1374,[4.0],[30.0],745
1377,[11.0],[64.0],6
1378,[8.0],[69.0],750
1379,[3.0],[60.0],445
1383,[8.0],[49.0],28
1384,[4.0],[14.0],722
1385,[8.0],[29.0],750
1387,[2.0],[66.0],44
1388,[4.0],[14.0],406
1389,[3.0],[42.0],748
1392,[7.0],"[18.0, 38.0]",742
1393,[6.0],[53.0],269
1394,[6.0],[53.0],268
1396,[4.0],[56.0],43
1397,[7.0],[38.0],751
1400,[4.0],[10.0],751
1401,[6.0],[54.0],31
1402,[4.0],[16.0],21
1404,[7.0],[8.0],746
1406,[7.0],[38.0],750
1408,[4.0],[30.0],751
1409,[1.0],[48.0],751
1410,[8.0],[49.0],99
1412,[4.0],[14.0],747
1414,[6.0],[53.0],234
1416,[11.0],[64.0],17
1417,[1.0],[48.0],744
1418,[7.0],[18.0],749
1420,[3.0],[5.0],751
1421,[7.0],[38.0],327
1422,[11.0],[62.0],436
1423,[4.0],[30.0],750
1426,[7.0],[38.0],751
1428,[8.0],[11.0],34
1429,[1.0],[12.0],446
1430,[2.0],[46.0],29
1431,[8.0],[45.0],751
1432,[4.0],[14.0],740
1433,[8.0],[47.0],633
1434,"[8.0, 11.0]","[21.0, 64.0]",750
1435,[3.0],[60.0],745
1437,[1.0],[12.0],747
1438,[6.0],[53.0],747
1441,[1.0],[41.0],750
1442,[8.0],[25.0],751
1448,[4.0],[14.0],472
1450,[7.0],[8.0],749
1451,[3.0],[4.0],746
1455,[4.0],[26.0],382
1456,[3.0],[60.0],98
1457,[8.0],[69.0],751
1458,[4.0],[9.0],751
1460,[8.0],[21.0],268
1461,[11.0],[64.0],749
1464,[7.0],[8.0],64
1465,[2.0],[46.0],228
1466,[7.0],[8.0],549
1467,[12.0],[71.0],245
1468,[3.0],[60.0],750
1469,[7.0],[8.0],749
1470,[1.0],[48.0],215
1474,[7.0],[18.0],749
1475,[4.0],[14.0],744
1476,[3.0],[34.0],411
1478,[8.0],[55.0],744
1480,[7.0],[18.0],748
1481,[7.0],[18.0],748
1484,[7.0],[8.0],50
1486,[4.0],[10.0],740
1488,[4.0],[10.0],73
1494,[3.0],[5.0],746
1496,[1.0],[12.0],750
1499,[1.0],[41.0],186
1501,[3.0],[60.0],751
1502,[4.0],[56.0],99
1503,[7.0],[38.0],458
1506,[11.0],[62.0],538
1507,[2.0],[39.0],22
1508,[2.0],[46.0],563
1510,[7.0],[8.0],548
1511,[12.0],[28.0],488
1512,[4.0],[26.0],749
1513,[2.0],[46.0],5
1514,[12.0],[71.0],77
1517,[3.0],[5.0],747
1518,[3.0],[33.0],590
1519,[3.0],[4.0],75
1520,[11.0],[62.0],735
1521,[6.0],[54.0],750
1523,[7.0],[38.0],745
1524,[8.0],[55.0],430
1525,[7.0],[18.0],730
1526,[1.0],[48.0],743
1528,[6.0],[53.0],748
1529,[7.0],[8.0],151
1530,[3.0],[36.0],747
1531,[11.0],[62.0],749
1532,[8.0],[29.0],751
1535,[3.0],[34.0],748
1536,[4.0],[30.0],561
1538,[11.0],[64.0],750
1540,[7.0],[8.0],750
1541,[8.0],[21.0],751
1543,[12.0],[19.0],748
1545,[8.0],[55.0],750
1554,[2.0],[39.0],21
1556,[1.0],[12.0],730
1558,[8.0],[25.0],555
1559,[12.0],[19.0],747
1561,[8.0],[11.0],436
1564,[1.0],[48.0],665
1566,[4.0],[30.0],748
1572,[1.0],[41.0],751
1574,[2.0],[39.0],170
1575,[6.0],[53.0],745
1579,[8.0],[23.0],83
1580,[7.0],[8.0],749
1581,[11.0],[15.0],94
1582,[4.0],[9.0],751
1583,[6.0],[53.0],744
1592,[8.0],[49.0],215
1593,[2.0],[66.0],83
1594,[8.0],[29.0],751
1595,[11.0],[62.0],751
1597,[6.0],[53.0],428
1601,[1.0],[12.0],296
1602,[4.0],[30.0],750
1603,[11.0],[15.0],10
1604,[2.0],[39.0],743
1605,[11.0],[62.0],751
1609,[4.0],[26.0],748
1610,[2.0],[66.0],731
1612,[4.0],[9.0],751
1613,[8.0],[49.0],751
1617,[7.0],[8.0],750
1618,"[1.0, 6.0]","[13.0, 48.0]",744
1619,[7.0],[8.0],747
1620,[2.0],[66.0],366
1622,[8.0],"[2.0, 49.0]",750
1625,[4.0],[30.0],748
1628,[3.0],[7.0],176
1629,[11.0],[62.0],747
1630,[4.0],[56.0],735
1631,[8.0],[44.0],691
1632,[4.0],[30.0],750
1633,[8.0],[2.0],30
1634,[3.0],[60.0],749
1635,[4.0],[31.0],751
1636,[7.0],[38.0],706
1637,[3.0],[33.0],751
1641,[4.0],[26.0],209
1644,[3.0],[60.0],3
1647,[3.0],[60.0],748
1651,[8.0],[47.0],750
1657,[3.0],[6.0],750
1658,[7.0],[38.0],748
1659,[4.0],[30.0],751
1664,[3.0],[33.0],745
1667,[3.0],[34.0],749
1670,[8.0],[11.0],750
1672,"[2.0, 12.0]","[28.0, 46.0]",698
1674,[8.0],[21.0],748
1675,[8.0],[49.0],321
1676,[7.0],[18.0],750
1677,[6.0],[57.0],746
1678,[7.0],[38.0],749
1680,[8.0],[47.0],745
1681,[3.0],[60.0],749
1682,[11.0],[62.0],442
1683,[11.0],[62.0],750
1684,[4.0],[26.0],747
1689,[8.0],[45.0],750
1691,[8.0],[25.0],750
1693,[3.0],[6.0],420
1695,[11.0],[64.0],749
1696,[3.0],[36.0],138
1703,[11.0],[62.0],751
1704,[3.0],[60.0],751
1705,[8.0],[49.0],749
1706,[8.0],[11.0],751
1707,[11.0],[64.0],751
1709,[3.0],[5.0],741
1711,[7.0],[8.0],21
1712,[7.0],[8.0],492
1713,[7.0],[8.0],184
1714,[11.0],[62.0],201
1715,[8.0],[11.0],613
1716,[1.0],[27.0],176
1717,[12.0],[28.0],750
1718,[4.0],[14.0],522
1719,[4.0],[31.0],748
1721,[4.0],[16.0],742
1723,[7.0],[8.0],175
1724,[11.0],[62.0],718
1725,[7.0],[8.0],514
1728,[4.0],[26.0],350
1729,[4.0],[31.0],751
1730,[7.0],[38.0],746
1731,[8.0],[69.0],750
1735,[8.0],[69.0],749
1736,[3.0],[5.0],750
1737,[4.0],[14.0],751
1738,[1.0],[48.0],52
1740,[7.0],[8.0],731
1745,[4.0],[10.0],751
1748,[8.0],[2.0],744
1751,[1.0],[41.0],734
1752,[4.0],[30.0],40
1758,[3.0],[5.0],747
1761,[8.0],[21.0],234
1763,[4.0],[30.0],54
1764,[8.0],[69.0],293
1765,[6.0],[53.0],748
1766,[7.0],[8.0],702
1767,[8.0],[11.0],748
1769,[8.0],[47.0],715
1770,[2.0],[66.0],719
1773,[11.0],[64.0],385
1774,[2.0],[39.0],749
1775,[4.0],[10.0],751
1776,[4.0],[56.0],700
1777,[2.0],[66.0],493
1779,[8.0],[21.0],521
1782,[2.0],[66.0],739
1783,[8.0],[45.0],751
1785,[3.0],[60.0],744
1786,[7.0],[8.0],549
1787,"[4.0, 8.0]","[21.0, 30.0]",749
1789,[7.0],[8.0],738
1791,[3.0],[17.0],749
1794,[11.0],[15.0],750
1795,[4.0],[35.0],272
1796,[7.0],[18.0],43
1797,[12.0],[19.0],751
1798,[3.0],[60.0],744
1799,[8.0],[69.0],747
1800,[7.0],[8.0],747
1806,[3.0],[33.0],750
1807,[3.0],[34.0],750
1809,[8.0],[20.0],538
1810,[11.0],[15.0],136
1811,[1.0],[12.0],750
1813,[4.0],[31.0],751
1815,[8.0],[25.0],750
1816,[6.0],[57.0],744
1818,[3.0],[60.0],751
1823,[3.0],[6.0],68
1829,[7.0],[38.0],746
1831,[7.0],[61.0],91
1832,[7.0],[38.0],681
1833,[3.0],[60.0],750
1834,[3.0],[17.0],751
1835,[4.0],[30.0],751
1836,[7.0],[8.0],748
1837,[6.0],[53.0],160
1838,[7.0],[38.0],174
1839,[12.0],[71.0],745
1840,[8.0],[45.0],535
1841,[4.0],[14.0],478
1842,[8.0],[21.0],750
1843,[2.0],[46.0],670
1844,[3.0],[5.0],58
1846,[4.0],[14.0],748
1847,[3.0],[43.0],748
1848,[1.0],[41.0],745
1849,[6.0],[53.0],183
1850,[12.0],[19.0],749
1853,[11.0],[62.0],227
1855,[6.0],[53.0],751
1856,[4.0],[30.0],749
1859,[7.0],[38.0],445
1863,[3.0],[60.0],750
1864,[11.0],[52.0],751
1866,[7.0],[8.0],548
1869,[4.0],[30.0],741
1874,[7.0],[18.0],750
1876,[4.0],[14.0],715
1878,[4.0],[31.0],20
1879,[8.0],[25.0],748
1884,[3.0],[4.0],747
1885,[3.0],[60.0],751
1886,[1.0],[41.0],296
1887,[3.0],[7.0],59
1890,[3.0],[5.0],751
1897,[6.0],[22.0],708
1898,[8.0],[2.0],751
1901,[11.0],[62.0],366
1902,[12.0],[19.0],747
1906,[3.0],[60.0],327
1907,[7.0],[40.0],11
1909,[2.0],[66.0],371
1910,[7.0],[18.0],751
1912,[4.0],[30.0],95
1915,[7.0],[8.0],351
1918,[7.0],[18.0],219
1919,[3.0],[43.0],747
1922,[8.0],[45.0],750
1923,[11.0],[15.0],61
1925,[7.0],[18.0],749
1926,[3.0],[5.0],589
1927,[4.0],[14.0],570
1928,[8.0],[11.0],746
1929,[7.0],[18.0],739
1932,[11.0],[64.0],380
1936,[8.0],[11.0],748
1938,[7.0],[38.0],143
1939,[11.0],[15.0],746
1941,[11.0],[15.0],481
1944,[8.0],[23.0],30
1945,[2.0],[66.0],11
1946,[4.0],[56.0],278
1947,[6.0],[22.0],750
1949,[3.0],[60.0],550
1951,[4.0],[10.0],442
1953,[4.0],[14.0],691
1954,"[8.0, 11.0]","[15.0, 23.0]",751
1955,[6.0],[22.0],751
1956,[7.0],[18.0],749
1957,[8.0],[2.0],743
1958,[3.0],[4.0],635
1960,[11.0],[62.0],748
1962,[8.0],[45.0],193
1963,[3.0],[43.0],725
1967,[8.0],[2.0],277
1969,[4.0],[56.0],278
1973,[2.0],[39.0],129
1974,[3.0],[6.0],75
1978,[11.0],[64.0],748
1979,[11.0],[64.0],54
1981,[11.0],[15.0],391
1982,[2.0],[66.0],749
1983,[3.0],[24.0],747
1984,[3.0],[4.0],747
1988,[7.0],[18.0],750
1989,[8.0],[23.0],748
1991,[6.0],[53.0],464
1992,[4.0],[30.0],751
1994,[2.0],[39.0],49
1995,[4.0],[26.0],503
1997,"[3.0, 6.0]","[22.0, 60.0]",410
1999,[4.0],[10.0],743
2000,[4.0],[56.0],749
2002,[2.0],[66.0],137
2004,[3.0],[33.0],121
2006,[7.0],[18.0],747
2007,[8.0],[21.0],746
2009,[7.0],[58.0],751
2020,[3.0],[60.0],751
2021,[11.0],[15.0],741
2023,[6.0],[53.0],10
2026,[4.0],[30.0],750
2028,[2.0],[39.0],346
2029,[11.0],[64.0],678
2032,[11.0],[64.0],747
2036,[4.0],[14.0],24
2039,[6.0],[53.0],375
2042,[6.0],[53.0],30
2044,[4.0],[31.0],478
2046,[11.0],[64.0],751
2056,[4.0],[14.0],273
2057,[8.0],[69.0],91
2059,[2.0],[66.0],57
2060,[3.0],[7.0],483
2062,[6.0],[22.0],102
2064,[4.0],[3.0],744
2066,[7.0],[18.0],750
2068,[2.0],[66.0],747
2069,[3.0],[34.0],11
2070,[1.0],[12.0],93
2071,[12.0],[71.0],751
2072,[4.0],[9.0],743
2073,"[4.0, 8.0]","[29.0, 30.0, 45.0]",740
2074,[8.0],[69.0],14
2078,[8.0],[49.0],334
2083,[7.0],[18.0],357
2084,[8.0],[69.0],100
2085,[2.0],[46.0],319
2086,[6.0],[53.0],275
2089,[4.0],[14.0],746
2097,[4.0],[9.0],745
2106,[4.0],[31.0],341
2107,[8.0],[69.0],22
2109,[4.0],[14.0],750
2111,"[4.0, 11.0]","[15.0, 26.0]",41
2113,[3.0],[43.0],750
2115,[3.0],[7.0],750
2116,[3.0],[60.0],749
2117,[11.0],[15.0],751
2119,[6.0],[53.0],738
2122,[7.0],[8.0],208
2123,[3.0],[17.0],375
2126,[7.0],[38.0],751
2129,[4.0],[56.0],686
2130,[8.0],[20.0],749
2134,[2.0],[66.0],741
2135,[7.0],[8.0],393
2136,[11.0],[62.0],472
2137,[3.0],[43.0],749
2138,[11.0],[64.0],749
2139,[8.0],[69.0],550
2140,[7.0],[38.0],551
2143,[1.0],[12.0],89
2144,[2.0],[39.0],32
2146,[11.0],[64.0],496
2147,[1.0],[12.0],750
2148,[11.0],[62.0],146
2149,[3.0],[24.0],745
2151,[6.0],[22.0],733
2153,[4.0],[14.0],233
2154,[7.0],[38.0],750
2158,[7.0],[18.0],748
2163,[8.0],[49.0],283
2164,[3.0],[6.0],750
2165,[8.0],"[2.0, 44.0]",748
2166,[7.0],[58.0],748
2169,[12.0],[19.0],385
2170,[4.0],[14.0],152
2171,[11.0],[64.0],702
2174,[11.0],[62.0],751
2175,[2.0],[39.0],112
2176,[11.0],[64.0],67
2178,[3.0],[7.0],750
2179,[1.0],[12.0],255
2181,[1.0],[12.0],749
2182,[8.0],[11.0],64
2183,[4.0],[14.0],497
2187,[4.0],"[10.0, 30.0]",725
2190,[7.0],[59.0],455
2193,[11.0],[62.0],72
2194,[4.0],[14.0],750
2196,[3.0],[6.0],748
2197,[7.0],[18.0],750
2198,[4.0],[56.0],69
2200,[6.0],[57.0],748
2203,[7.0],[8.0],550
2204,[8.0],[21.0],36
2205,[1.0],[27.0],26
2206,[4.0],[14.0],749
2207,[7.0],[8.0],134
2208,[8.0],[69.0],746
2211,[7.0],[8.0],629
2213,[4.0],[56.0],682
2216,[6.0],[22.0],250
2218,[6.0],[57.0],745
2219,[4.0],[31.0],751
2220,[11.0],[62.0],34
2221,[11.0],[64.0],64
2222,[8.0],[63.0],750
2223,[7.0],"[18.0, 58.0]",217
2226,[7.0],[18.0],672
2227,[2.0],[39.0],283
2230,[6.0],[53.0],445
2232,[2.0],[39.0],287
2234,[3.0],[4.0],662
2237,[6.0],[53.0],735
2239,[2.0],[46.0],185
2244,[11.0],[64.0],748
2245,[8.0],[11.0],740
2246,[1.0],[48.0],751
2248,[7.0],[61.0],20
2250,[1.0],[48.0],155
2253,[6.0],[53.0],299
2255,[4.0],"[10.0, 56.0]",685
2257,[7.0],[38.0],204
2260,[2.0],[39.0],190
2263,[7.0],[8.0],750
2266,[6.0],[22.0],714
2271,[7.0],[61.0],53
2272,[2.0],[39.0],689
2274,[8.0],[45.0],751
2275,[2.0],[66.0],346
2277,[4.0],[31.0],748
2278,[2.0],[39.0],319
2279,[3.0],[24.0],749
2282,[4.0],[56.0],155
2285,[3.0],[7.0],750
2288,[2.0],[39.0],750
2292,[3.0],[5.0],746
2293,[6.0],[53.0],681
2294,[11.0],[64.0],338
2298,[6.0],[22.0],358
2299,[11.0],[64.0],748
2300,[4.0],[26.0],735
2302,[6.0],[54.0],71
2304,[6.0],[53.0],750
2306,[4.0],[10.0],445
2308,[11.0],[15.0],751
2309,[8.0],[23.0],47
2310,[8.0],[47.0],273
2313,[2.0],[39.0],686
2315,[3.0],[7.0],747
2317,[11.0],[62.0],743
2323,[2.0],[39.0],745
2324,[11.0],[15.0],13
2325,[8.0],"[11.0, 45.0, 47.0]",734
2326,[6.0],[22.0],750
2328,[6.0],[57.0],744
2331,[6.0],[53.0],749
2332,[11.0],[64.0],751
2334,[2.0],[39.0],119
2337,[7.0],[58.0],748
2340,[8.0],[11.0],67
2342,[2.0],[39.0],750
2343,[4.0],[10.0],39
2345,[8.0],[69.0],731
2349,[11.0],[64.0],751
2350,[3.0],[60.0],20
2351,[3.0],[60.0],750
2352,[2.0],[39.0],751
2353,[4.0],[30.0],748
2354,[3.0],[60.0],748
2356,[3.0],[24.0],218
2361,[11.0],[15.0],746
2364,[8.0],[55.0],748
2366,[11.0],[62.0],750
2367,[4.0],[10.0],119
2369,[7.0],[59.0],278
2370,[2.0],[39.0],626
2371,[6.0],[53.0],749
2373,[11.0],[64.0],751
2376,[3.0],[60.0],751
2377,[4.0],[10.0],27
2378,[2.0],[39.0],469
2379,[11.0],[15.0],320
2380,[4.0],[56.0],750
2381,[4.0],[10.0],417
2382,[6.0],[53.0],750
2385,[4.0],[10.0],469
2387,[3.0],[42.0],746
2389,[4.0],[14.0],751
2390,[4.0],[10.0],82
2391,[3.0],[33.0],663
2392,[4.0],[56.0],751
2393,[2.0],[66.0],737
2394,[8.0],[11.0],481
2395,[11.0],[15.0],61
2398,"[6.0, 8.0]","[25.0, 53.0]",308
2399,[7.0],[18.0],532
2400,[6.0],[53.0],435
2405,[2.0],[1.0],61
2408,[3.0],[60.0],37
2409,[3.0],[33.0],745
2415,[3.0],[24.0],749
2419,[4.0],[56.0],54
2421,[7.0],"[18.0, 38.0]",748
2423,[4.0],[31.0],750
2425,[7.0],[8.0],117
2429,[1.0],[48.0],96
2432,[4.0],[10.0],606
2435,[11.0],[64.0],655
2436,[4.0],[16.0],736
2438,[4.0],[10.0],431
2439,[2.0],[46.0],745
2440,[2.0],[46.0],70
2441,[4.0],[10.0],638
2442,[2.0],[66.0],184
2443,[4.0],[10.0],53
2445,[4.0],[30.0],315
2446,[2.0],[39.0],750
2449,[4.0],[10.0],750
2453,[4.0],[56.0],289
2454,[4.0],[26.0],744
2456,[3.0],[7.0],751
2460,[6.0],[54.0],18
2463,"[3.0, 6.0]","[53.0, 60.0]",751
2465,[1.0],[48.0],11
2466,[11.0],[15.0],748
2468,[4.0],[10.0],11
2469,[4.0],[10.0],199
2470,[2.0],[39.0],410
2474,[4.0],[10.0],398
2475,[8.0],[21.0],98
2476,[4.0],[56.0],461
2478,[11.0],[64.0],749
2479,[8.0],[45.0],741
2480,[4.0],[10.0],553
2481,[3.0],[60.0],751
2482,[6.0],[53.0],747
2483,[4.0],[10.0],82
2484,[7.0],[18.0],731
2485,[6.0],[57.0],630
2486,[11.0],[64.0],751
2490,[2.0],[66.0],603
2492,[4.0],[10.0],262
2493,[2.0],[39.0],106
2495,[4.0],[10.0],581
2496,[7.0],[38.0],616
2498,[8.0],[45.0],141
2500,[3.0],[60.0],28
2502,[4.0],[10.0],156
2503,[2.0],[39.0],751
2504,[3.0],[33.0],750
2505,[2.0],[39.0],329
2506,[7.0],[38.0],27
2508,[4.0],[14.0],747
2510,[2.0],[46.0],17
2511,[4.0],[30.0],749
2514,[8.0],[21.0],751
2516,"[2.0, 4.0]","[14.0, 66.0]",33
2518,[3.0],[4.0],744
2519,[2.0],[39.0],515
2520,[3.0],[83.0],732
2521,[3.0],[43.0],749
2524,[8.0],[49.0],44
2525,[3.0],[24.0],1
2526,[4.0],[10.0],177
2527,[12.0],[28.0],632
2530,[6.0],[53.0],489
2531,[4.0],[56.0],48
2532,[1.0],[12.0],741
2533,[7.0],[18.0],166
2536,[4.0],[10.0],147
2538,[4.0],[10.0],614
2539,[4.0],[10.0],750
2541,[4.0],[56.0],288
2544,[3.0],[33.0],619
2546,[8.0],[21.0],151
2548,[11.0],[15.0],750
2551,[4.0],[14.0],751
2554,[2.0],[39.0],398
2557,[4.0],[14.0],565
2558,[4.0],[14.0],383
2560,[2.0],[39.0],393
2561,[11.0],[64.0],715
2562,[2.0],[39.0],64
2566,[7.0],[18.0],748
2568,[11.0],[64.0],751
2569,[7.0],[40.0],486
2570,[7.0],[18.0],730
2571,[7.0],[18.0],532
2572,[4.0],[14.0],549
2573,[3.0],[60.0],40
2574,[2.0],[39.0],483
2575,[7.0],"[18.0, 58.0]",750
2579,[8.0],[69.0],45
2580,[2.0],[39.0],472
2586,[2.0],[39.0],750
2588,[6.0],[22.0],78
2589,[2.0],[66.0],749
2591,[8.0],[49.0],147
2592,[6.0],[22.0],225
2595,[3.0],[33.0],345
2596,[6.0],[53.0],9
2598,[4.0],[10.0],7
2599,[4.0],[14.0],243
2601,[7.0],[38.0],738
2604,[4.0],[56.0],75
2605,[11.0],[64.0],61
2606,[8.0],[21.0],362
2607,[4.0],[14.0],437
2608,[3.0],[60.0],60
2609,[6.0],[22.0],748
2611,[4.0],[10.0],72
2612,[11.0],[64.0],66
2614,[4.0],[30.0],470
2615,[11.0],[15.0],699
2616,[4.0],[10.0],731
2618,[7.0],[38.0],694
2621,[4.0],[56.0],12
2622,[8.0],[47.0],749
2623,"[4.0, 5.0]","[14.0, 32.0]",729
2625,[4.0],[31.0],749
2626,[4.0],"[14.0, 31.0]",748
2627,[7.0],[18.0],749
2631,[4.0],"[10.0, 56.0]",591
2632,[4.0],[10.0],261
2633,[2.0],[39.0],751
2634,[11.0],[64.0],364
2635,[3.0],[24.0],747
2636,[7.0],[8.0],747
2637,[11.0],[15.0],748
2641,[2.0],[39.0],749
2644,[11.0],[64.0],751
2646,[3.0],[60.0],745
2647,[3.0],[6.0],718
2650,[8.0],[21.0],749
2652,[3.0],[60.0],750
2653,[2.0],[46.0],332
2654,[2.0],[46.0],749
2655,[4.0],[10.0],3
2656,[4.0],[56.0],38
2657,[4.0],[30.0],589
2659,[3.0],[60.0],750
2660,[4.0],[31.0],680
2662,[4.0],[31.0],41
2663,[1.0],[12.0],747
2665,[4.0],[56.0],83
2666,[4.0],[10.0],171
2669,[4.0],[30.0],30
2670,[7.0],[8.0],742
2672,[4.0],[56.0],238
2675,[3.0],[60.0],748
2676,[7.0],[18.0],445
2677,[2.0],[39.0],396
2679,[11.0],[64.0],711
2680,[11.0],[64.0],750
2682,[4.0],[10.0],82
2683,[11.0],[62.0],750
2684,[2.0],[66.0],8
2685,[11.0],[64.0],730
2686,[8.0],[69.0],379
2687,[4.0],"[10.0, 56.0]",748
2688,"[3.0, 11.0]","[15.0, 60.0]",229
2689,[3.0],[42.0],477
2691,[3.0],[60.0],750
2692,[11.0],[64.0],32
2693,[4.0],[31.0],346
2694,[4.0],[10.0],99
2695,[4.0],[10.0],709
2696,[6.0],[22.0],140
2697,[8.0],[11.0],690
2698,[6.0],[22.0],750
2699,[2.0],[39.0],749
2700,[8.0],[45.0],411
2701,[3.0],[24.0],745
2702,[4.0],[10.0],21
2703,[2.0],[39.0],750
2704,[4.0],[10.0],48
2705,[3.0],[60.0],156
2706,[7.0],[18.0],622
2707,[6.0],[22.0],292
2708,[4.0],[10.0],185
2709,[4.0],[10.0],749
2711,[4.0],[56.0],160
2712,[12.0],[19.0],701
2714,[2.0],[39.0],261
2715,[2.0],[39.0],748
2716,[11.0],[64.0],410
2718,[2.0],[46.0],751
2719,[8.0],[20.0],446
2720,[3.0],[60.0],751
2722,[4.0],[9.0],748
2725,[8.0],[21.0],8
2726,[3.0],[17.0],627
2727,[1.0],[12.0],746
2729,[8.0],[55.0],750
2730,[4.0],[30.0],675
2731,[4.0],[30.0],442
2733,[4.0],[14.0],746
2734,[4.0],[14.0],176
2735,[11.0],[64.0],209
2736,[4.0],[56.0],81
2737,[8.0],[23.0],751
2738,[4.0],[31.0],748
2739,[4.0],[30.0],749
2740,[1.0],[48.0],730
2741,[4.0],[26.0],740
2742,[4.0],[14.0],749
2743,[3.0],[60.0],750
2744,[11.0],[15.0],749
2745,[8.0],[69.0],100
2747,[11.0],[15.0],748
2748,[7.0],[8.0],191
2749,[8.0],[69.0],241
2750,[4.0],[10.0],93
2751,[8.0],[25.0],11
2752,[2.0],[39.0],749
2753,[7.0],[18.0],86
2754,[6.0],[22.0],747
2757,[3.0],[42.0],750
2758,[4.0],[10.0],438
2759,[7.0],[18.0],750
2760,[4.0],[14.0],433
2761,[8.0],[45.0],54
2762,[3.0],[24.0],636
2764,[4.0],[30.0],749
2765,[7.0],[18.0],3
2766,[7.0],[18.0],718
2768,[4.0],[26.0],745
2769,[4.0],[31.0],333
2770,[4.0],[30.0],749
2771,[2.0],[39.0],750
2772,[2.0],[39.0],751
2773,[11.0],[15.0],746
2775,[4.0],[30.0],655
2776,[11.0],[15.0],743
2777,[3.0],[6.0],749
2778,[4.0],[10.0],100
2779,[3.0],[34.0],296
2783,"[4.0, 8.0]","[14.0, 23.0]",747
2784,[4.0],[56.0],80
2788,[4.0],[10.0],749
2789,[2.0],[39.0],326
2791,[4.0],[14.0],750
2792,[4.0],[26.0],606
2793,[11.0],[64.0],469
2794,[12.0],[19.0],745
2796,[1.0],[48.0],40
2798,[4.0],[26.0],263
2799,[3.0],[6.0],252
2800,[6.0],[22.0],17
2801,[1.0],[12.0],79
2804,[4.0],[10.0],751
2805,[4.0],[10.0],541
2807,[8.0],[45.0],267
2808,[4.0],[10.0],155
2809,[11.0],[15.0],238
2810,[3.0],[5.0],740
2813,[3.0],[24.0],624
2814,[1.0],[12.0],106
2815,[4.0],"[10.0, 56.0]",750
2817,[3.0],[17.0],750
2819,[8.0],[49.0],750
2820,[2.0],[46.0],750
2823,[4.0],[56.0],492
2824,[4.0],[26.0],744
2825,[4.0],[9.0],747
2826,[8.0],[21.0],715
2827,[8.0],[21.0],750
2829,[11.0],[64.0],750
2830,[4.0],[14.0],77
2831,[4.0],[14.0],650
2835,[11.0],[62.0],445
2836,[6.0],[22.0],269
2838,[4.0],[10.0],28
2839,[7.0],[38.0],631
2840,[11.0],[64.0],53
2841,[7.0],[8.0],39
2842,[3.0],[60.0],108
2843,[11.0],[62.0],41
2844,[4.0],[30.0],15
2845,[4.0],[31.0],751
2846,[4.0],[56.0],196
2847,[11.0],[64.0],476
2849,[1.0],[12.0],748
2850,[2.0],[1.0],751
2851,[4.0],[16.0],329
2853,[1.0],[12.0],724
2854,[4.0],[31.0],393
2855,[11.0],[64.0],27
2856,[11.0],[64.0],746
2857,[6.0],[13.0],568
2858,[11.0],[64.0],537
2859,[8.0],[23.0],27
2860,[3.0],[42.0],744
2861,[6.0],[53.0],641
2863,[12.0],[19.0],484
2864,[3.0],[7.0],749
2865,[3.0],[60.0],746
2866,[4.0],[10.0],748
2867,[4.0],[30.0],704
2869,[4.0],[56.0],131
2870,[8.0],[69.0],741
2871,[11.0],[64.0],749
2873,[1.0],[48.0],746
2874,[8.0],[2.0],746
2875,[4.0],[26.0],748
2876,[2.0],[66.0],604
2879,[2.0],[66.0],115
2880,[2.0],[39.0],35
2881,[8.0],[69.0],311
2882,[12.0],[19.0],609
2884,[8.0],[44.0],30
2885,[7.0],[38.0],204
2888,[3.0],[43.0],712
2891,[6.0],[53.0],57
2893,[4.0],[26.0],66
2895,[6.0],[54.0],731
2896,[6.0],[54.0],368
2899,[8.0],[11.0],173
2901,"[8.0, 12.0]","[23.0, 28.0]",699
2902,[3.0],[60.0],751
2903,[4.0],[14.0],21
2907,[7.0],[18.0],57
2908,[2.0],[39.0],744
2909,[4.0],[56.0],37
2910,[11.0],[15.0],745
2911,[3.0],[5.0],586
2914,[11.0],[64.0],749
2915,[11.0],[64.0],238
2916,[6.0],[13.0],650
2917,[8.0],[69.0],55
2918,[2.0],[39.0],750
2919,[3.0],[4.0],545
2921,[7.0],[8.0],111
2922,[6.0],[13.0],452
2926,[4.0],[31.0],83
2927,[3.0],[60.0],749
2929,[11.0],[64.0],170
2930,[3.0],[60.0],726
2932,"[2.0, 4.0]","[1.0, 31.0]",42
2933,[4.0],[10.0],32
2934,[6.0],[53.0],632
2936,[6.0],[57.0],736
2937,[4.0],[10.0],437
2938,[4.0],[10.0],103
2940,[12.0],[19.0],741
2941,[8.0],[45.0],749
2942,[11.0],[64.0],91
2943,[4.0],[56.0],156
2944,[4.0],[10.0],750
2946,[4.0],[9.0],751
2947,[11.0],[62.0],179
2948,[11.0],[64.0],414
2949,[7.0],[18.0],744
2950,[3.0],[7.0],62
2951,[2.0],[46.0],481
2952,[7.0],[8.0],746
2953,[4.0],[10.0],64
2954,[4.0],[26.0],14
2955,[6.0],[53.0],706
2956,[6.0],[53.0],588
2957,[6.0],[54.0],743
2958,[4.0],[26.0],570
2959,[4.0],[30.0],28
2960,[7.0],[38.0],748
2963,[4.0],[3.0],744
2964,[7.0],[59.0],668
2965,[6.0],[54.0],246
2967,[4.0],"[10.0, 30.0]",159
2968,[1.0],[48.0],272
2970,[1.0],[12.0],736
2971,[4.0],[10.0],134
2972,[4.0],[10.0],570
2973,[3.0],[6.0],129
2974,[4.0],[10.0],79
2975,[2.0],[39.0],749
2976,[2.0],[39.0],114
2977,[3.0],[42.0],531
2978,[11.0],[64.0],657
2979,[4.0],[56.0],81
2980,[2.0],[66.0],470
2981,[2.0],[39.0],660
2983,[11.0],[64.0],751
2984,"[2.0, 11.0]","[39.0, 64.0]",748
2985,[3.0],[60.0],745
2987,[11.0],[64.0],138
2988,[7.0],[8.0],665
2989,"[8.0, 12.0]","[19.0, 25.0]",596
2990,[3.0],[68.0],80
2991,[11.0],[62.0],314
2992,[4.0],[10.0],749
2994,[11.0],[64.0],332
2995,[6.0],[13.0],439
2997,[11.0],[64.0],406
2998,[2.0],[39.0],431
2999,"[3.0, 7.0]","[40.0, 60.0]",193
3001,[4.0],[10.0],43
3002,[4.0],[30.0],125
3003,[11.0],[64.0],190
3004,[4.0],[10.0],512
3005,[4.0],[14.0],5
3007,[7.0],[59.0],138
3008,[7.0],[18.0],65
3009,[2.0],[39.0],37
3010,[1.0],[12.0],747
3011,[11.0],[15.0],22
3012,[6.0],[54.0],492
3013,[3.0],[24.0],749
3014,[11.0],[64.0],307
3015,[4.0],[14.0],359
3016,[6.0],[54.0],38
3017,[7.0],[18.0],746
3019,[1.0],[48.0],661
3020,[4.0],[10.0],181
3023,[8.0],[45.0],455
3024,[11.0],[64.0],370
3025,[8.0],"[20.0, 44.0]",417
3026,[6.0],[53.0],213
3027,[4.0],[35.0],142
3029,[4.0],[56.0],85
3031,[4.0],[10.0],281
3032,[11.0],[15.0],750
3033,[7.0],[18.0],251
3034,[11.0],[64.0],746
3035,"[2.0, 11.0]","[39.0, 64.0]",750
3036,[8.0],[21.0],747
3037,[2.0],[39.0],503
3038,[2.0],[39.0],750
3039,[11.0],[62.0],751
3040,[11.0],[64.0],74
3041,[8.0],[21.0],747
3042,[11.0],[62.0],627
3043,[8.0],[45.0],346
3045,[11.0],[64.0],748
3046,[6.0],[54.0],748
3047,[11.0],[64.0],749
3048,[7.0],[38.0],248
3049,[11.0],[64.0],748
3050,[4.0],[30.0],750
3051,[3.0],[68.0],54
3055,[1.0],[48.0],89
3056,[6.0],[53.0],437
3057,[7.0],[38.0],748
3058,[11.0],[64.0],287
3059,[11.0],[64.0],29
3060,[7.0],[59.0],447
3061,[3.0],[43.0],744
3062,[4.0],[14.0],53
3063,[4.0],[56.0],357
3064,[11.0],[15.0],25
3065,[12.0],[19.0],746
3066,[3.0],[7.0],151
3067,[3.0],[6.0],431
3068,"[4.0, 11.0]","[14.0, 64.0]",451
3069,[3.0],[60.0],43
3070,[3.0],[34.0],218
3071,[3.0],[60.0],749
3074,[4.0],[10.0],130
3075,[11.0],[64.0],309
3076,[4.0],[14.0],53
3077,[4.0],[10.0],53
3078,[4.0],[10.0],263
3080,[4.0],[56.0],355
3081,[8.0],[44.0],749
3082,[7.0],[18.0],430
3083,[2.0],[39.0],749
3084,[11.0],[15.0],749
3085,[11.0],[15.0],246
3086,[2.0],[39.0],35
3087,[8.0],[44.0],743
3088,[4.0],[56.0],214
3089,[7.0],[59.0],430
3090,[3.0],[34.0],747
3091,[3.0],[6.0],73
3093,[4.0],[26.0],248
3094,[3.0],[6.0],746
3095,[8.0],[23.0],453
3098,[2.0],[39.0],131
3099,[4.0],[56.0],744
3100,[4.0],[30.0],211
3101,[2.0],[39.0],602
3102,[11.0],[64.0],213
3103,[4.0],[56.0],461
3104,[3.0],[6.0],704
3105,[2.0],[39.0],557
3106,[4.0],[10.0],748
3107,[4.0],[10.0],318
3108,[11.0],[64.0],750
3109,[4.0],[10.0],304
3110,[1.0],"[12.0, 48.0]",748
3111,[2.0],[39.0],366
3112,[3.0],[17.0],355
3113,[3.0],[42.0],182
3114,[11.0],[64.0],78
3115,[4.0],[56.0],265
3116,[4.0],[14.0],744
3117,[3.0],[42.0],747
3118,[3.0],[7.0],201
3120,[4.0],[30.0],748
3121,[6.0],[57.0],731
3122,[1.0],[12.0],540
3123,[4.0],[10.0],724
3124,[7.0],[18.0],644
3125,[4.0],[56.0],72
3126,[6.0],[13.0],467
3128,[8.0],[29.0],8
3129,[4.0],[10.0],751
3131,[2.0],[39.0],560
3132,[7.0],[18.0],400
3133,[4.0],[56.0],750
3134,[4.0],[56.0],735
3135,[11.0],[15.0],738
3136,[2.0],[66.0],454
3137,"[5.0, 6.0]","[22.0, 32.0]",20
3138,[6.0],[57.0],671
3139,[4.0],[56.0],179
3140,[4.0],[56.0],47
3143,[4.0],[3.0],96
3144,[3.0],[24.0],22
3145,[4.0],[30.0],751
3146,[7.0],[18.0],751
3147,[2.0],[46.0],748
3148,[2.0],[46.0],749
3149,[1.0],[12.0],743
3150,[7.0],[18.0],256
3151,[3.0],[5.0],743
3152,[3.0],[7.0],686
3153,"[3.0, 5.0]","[7.0, 32.0]",106
3154,[1.0],[12.0],388
3155,[4.0],[30.0],750
3156,[2.0],[39.0],744
3157,[3.0],[24.0],260
3158,[3.0],[7.0],203
3159,[4.0],[30.0],236
3160,[7.0],[18.0],746
3161,[4.0],[30.0],748
3162,[11.0],[64.0],745
3163,[2.0],[39.0],443
3164,[6.0],[22.0],79
3165,[3.0],[6.0],233
3166,[3.0],[6.0],227
3167,[7.0],[38.0],95
3168,[4.0],[10.0],344
3169,[2.0],[39.0],750
3170,[11.0],[64.0],749
3171,[3.0],[6.0],260
3172,[4.0],[26.0],749
3173,[4.0],"[10.0, 30.0]",294
3174,[11.0],[15.0],261
3175,[11.0],[15.0],227
3176,[3.0],[60.0],117
3177,[4.0],[10.0],43
3178,[3.0],[5.0],520
3179,[2.0],[39.0],747
3180,"[4.0, 11.0]","[14.0, 64.0]",741
3181,[4.0],[30.0],741
3182,[11.0],[64.0],747
3184,[4.0],[10.0],19
3185,[4.0],[10.0],748
3186,[11.0],[64.0],139
3187,[3.0],[24.0],127
3188,[2.0],[39.0],745
3189,[8.0],[55.0],728
3190,[11.0],[15.0],751
3191,[3.0],[34.0],157
3192,[4.0],[10.0],227
3193,[2.0],[39.0],697
3194,[2.0],[39.0],748
3195,[8.0],[69.0],39
3196,[3.0],[17.0],550
3197,[4.0],[10.0],298
3198,[4.0],[26.0],751
3199,[4.0],[31.0],96
3200,[11.0],[64.0],129
3201,[4.0],[10.0],112
3202,[7.0],[18.0],54
3203,[4.0],[30.0],313
3204,[4.0],[10.0],616
3205,[11.0],[64.0],384
3206,[4.0],[56.0],126
3207,[4.0],[10.0],532
3208,[2.0],[39.0],336
3209,[7.0],[18.0],79
3210,[4.0],[56.0],128
3211,[11.0],[64.0],95
3212,[4.0],[10.0],395
3213,[2.0],[46.0],136
3215,[7.0],[40.0],642
3216,[11.0],[64.0],287
3217,[11.0],[64.0],178
3218,[3.0],[7.0],44
3219,[4.0],[30.0],76
3220,[11.0],[64.0],248
3222,[6.0],[22.0],750
3223,[11.0],[64.0],746
3224,[11.0],[52.0],743
3226,[4.0],[30.0],750
3227,[3.0],[6.0],164
3228,[4.0],[10.0],12
3229,[4.0],[30.0],218
3230,[4.0],[30.0],750
3231,[11.0],[64.0],749
3232,[4.0],[10.0],497
3233,[11.0],[64.0],357
3234,[4.0],[30.0],749
3235,[11.0],[64.0],751
3236,[11.0],[15.0],337
3237,[3.0],[42.0],747
3238,"[5.0, 8.0]","[20.0, 32.0]",689
3239,[5.0],[32.0],40
3240,[4.0],[10.0],2
3241,[5.0],[32.0],49
3242,"[2.0, 11.0]","[39.0, 64.0]",194
3243,[4.0],[10.0],750
3244,[4.0],[10.0],664
3245,[7.0],[18.0],349
3247,[11.0],[64.0],28
3248,[4.0],[14.0],746
3249,[8.0],[25.0],13
3250,"[2.0, 5.0]","[32.0, 66.0]",70
3251,[5.0],[32.0],60
3252,[5.0],[32.0],45
3253,[7.0],[8.0],548
3254,[4.0],[10.0],74
3255,[11.0],[62.0],282
3256,[11.0],[62.0],579
3257,[3.0],[60.0],300
3259,[7.0],[18.0],744
3260,[11.0],[64.0],749
3261,[8.0],[23.0],252
3262,[11.0],[64.0],750
3263,[6.0],[57.0],90
3264,[5.0],[32.0],21
3265,[8.0],[55.0],321
3266,[4.0],[14.0],29
3267,[5.0],[32.0],56
3268,[2.0],[46.0],39
3269,[11.0],[64.0],236
3270,[4.0],[10.0],280
3271,[11.0],[64.0],21
3272,"[4.0, 6.0]","[14.0, 22.0]",413
3273,[6.0],[53.0],750
3275,[11.0],[64.0],526
3276,[5.0],[32.0],55
3277,[4.0],[10.0],747
3278,[4.0],[31.0],216
3279,[11.0],[64.0],569
3280,[4.0],[10.0],357
3281,[8.0],[69.0],598
3283,[1.0],[48.0],735
3284,"[3.0, 5.0]","[7.0, 32.0]",66
3285,[8.0],[69.0],64
3286,[8.0],[25.0],746
3287,[8.0],[45.0],747
3288,[8.0],[11.0],747
3289,"[5.0, 7.0]","[18.0, 32.0]",179
3290,[12.0],[28.0],123
3291,[7.0],[38.0],748
3292,[1.0],[48.0],550
3293,[11.0],[64.0],61
3294,[4.0],[14.0],31
3295,[4.0],[10.0],141
3297,"[2.0, 3.0]","[24.0, 46.0]",343
3298,[3.0],[24.0],37
3299,[3.0],[24.0],335
3300,[11.0],[15.0],59
3301,[3.0],[24.0],205
3302,[11.0],[64.0],271
3303,[4.0],[14.0],279
3304,[3.0],[24.0],92
3305,[11.0],[64.0],300
3306,[7.0],[38.0],188
3307,[4.0],[30.0],748
3308,"[1.0, 8.0]","[12.0, 49.0]",260
3309,[3.0],[24.0],702
3310,[6.0],[22.0],68
3311,[11.0],[64.0],746
3312,[2.0],[39.0],313
3313,[4.0],[14.0],749
3314,[4.0],[10.0],531
3315,[3.0],[60.0],290
3316,[2.0],[39.0],295
3317,[8.0],[11.0],747
3318,[4.0],[31.0],236
3319,[4.0],[3.0],112
3320,[4.0],[56.0],281
3322,"[5.0, 11.0]","[32.0, 64.0]",309
3323,[4.0],[10.0],744
3324,[2.0],[39.0],428
3325,[1.0],[48.0],748
3326,[4.0],[26.0],727
3327,[11.0],[64.0],259
3328,[2.0],[66.0],54
3329,[4.0],[14.0],736
3330,[2.0],[39.0],735
3331,[2.0],[39.0],751
3332,[3.0],[60.0],163
3333,[4.0],[31.0],293
3334,[5.0],[32.0],65
3335,[7.0],[38.0],613
3336,"[4.0, 5.0]","[31.0, 32.0]",240
3337,[4.0],[10.0],10
3338,"[4.0, 5.0]","[30.0, 32.0]",263
3339,[11.0],[64.0],257
3340,[7.0],[38.0],35
3341,[4.0],[10.0],264
3342,[4.0],[10.0],283
3343,[5.0],[32.0],41
3344,[11.0],[64.0],223
3345,[12.0],[19.0],638
3347,[4.0],[10.0],63
3348,[5.0],[32.0],29
3349,[3.0],[6.0],736
3351,[11.0],[64.0],381
3352,"[2.0, 11.0]","[64.0, 66.0]",123
3353,"[4.0, 11.0]","[31.0, 64.0]",561
3354,[7.0],[18.0],622
3355,"[2.0, 7.0]","[39.0, 59.0]",720
3356,[4.0],[10.0],267
3357,[11.0],[64.0],247
3358,[5.0],[32.0],37
3359,[3.0],[7.0],721
3360,[4.0],[56.0],349
3361,[5.0],[32.0],52
3362,[4.0],[10.0],36
3363,[4.0],[31.0],204
3364,[6.0],[22.0],152
3365,[3.0],[6.0],719
3366,"[2.0, 3.0]","[5.0, 39.0]",257
3367,[6.0],[53.0],317
3368,[5.0],[32.0],34
3369,[5.0],[32.0],33
3370,[11.0],[64.0],462
3371,[5.0],[32.0],220
3372,[11.0],[64.0],177
3373,[11.0],[64.0],489
3374,[11.0],[64.0],705
3375,[7.0],[18.0],29
3376,[4.0],[31.0],238
3378,[11.0],[64.0],146
3379,"[3.0, 5.0]","[6.0, 32.0]",624
3380,[4.0],[56.0],33
3381,[11.0],[64.0],704
3382,[6.0],[53.0],657
3384,[11.0],[64.0],697
3385,[11.0],[15.0],269
3386,[4.0],[56.0],327
3387,[8.0],[21.0],691
3388,[11.0],[64.0],691
3389,[2.0],[66.0],68
3390,[11.0],[64.0],687
3391,[11.0],[64.0],94
3392,[4.0],[30.0],47
3393,[3.0],[60.0],693
3395,[11.0],[64.0],51
3396,[7.0],[59.0],43
3397,"[5.0, 8.0]","[2.0, 32.0]",155
3398,[2.0],[39.0],275
3399,[5.0],[32.0],25
3400,"[5.0, 6.0]","[22.0, 32.0]",587
3401,[6.0],[22.0],680
3402,[7.0],[8.0],24
3403,[3.0],[60.0],148
3404,[4.0],[30.0],55
3405,[5.0],[32.0],6
3407,"[4.0, 7.0]","[14.0, 18.0]",276
3408,[4.0],[10.0],103
3409,[7.0],[59.0],202
3410,[11.0],[64.0],35
3411,[4.0],[10.0],102
3412,[11.0],[15.0],148
3413,[6.0],[53.0],600
3414,[11.0],[64.0],151
3415,[11.0],[62.0],330
3416,"[2.0, 3.0]","[17.0, 39.0, 60.0]",670
3417,[4.0],[10.0],165
3418,"[2.0, 7.0]","[18.0, 39.0]",314
3419,[8.0],[2.0],390
3420,[4.0],[56.0],640
3421,[11.0],[15.0],68
3422,[2.0],[39.0],66
3423,[3.0],[60.0],302
3424,[4.0],[10.0],635
3425,[6.0],[53.0],632
3426,[4.0],[31.0],110
3427,[4.0],[31.0],67
3428,[4.0],[14.0],94
3429,[11.0],[64.0],656
3430,[2.0],[39.0],193
3431,[3.0],[7.0],160
3432,[8.0],[2.0],257
3433,[4.0],[16.0],497
3434,"[5.0, 7.0]","[18.0, 32.0]",648
3435,[5.0],[32.0],57
3437,[5.0],[32.0],11
3438,[8.0],[47.0],25
3440,[11.0],[64.0],607
3441,[2.0],[39.0],644
3442,[11.0],[64.0],287
3444,[2.0],[39.0],645
3445,[8.0],[45.0],144
3446,[4.0],[14.0],44
3447,[4.0],[56.0],328
3448,[4.0],[10.0],169
3450,[7.0],[18.0],567
3451,[6.0],[22.0],126
3452,[7.0],[18.0],641
3453,[2.0],[39.0],113
3454,[8.0],[2.0],104
3455,[11.0],[64.0],348
3456,[8.0],[21.0],467
3457,[4.0],[14.0],622
3458,[2.0],[39.0],186
3459,[3.0],[60.0],545
3460,[4.0],[14.0],76
3461,[11.0],[64.0],330
3462,[4.0],[3.0],87
3463,[11.0],[62.0],67
3464,[6.0],[22.0],615
3465,[8.0],[45.0],58
3466,[4.0],[30.0],67
3467,[11.0],[64.0],365
3468,[8.0],[69.0],558
3469,[7.0],[18.0],37
3471,[1.0],[27.0],254
3472,[11.0],[64.0],192
3473,[11.0],[64.0],16
3474,[1.0],[12.0],77
3475,[4.0],[10.0],41
3476,[7.0],[40.0],20
3477,[6.0],[53.0],603
3478,[4.0],[30.0],7
3479,[2.0],[39.0],602
3480,"[4.0, 11.0]","[31.0, 64.0]",310
3482,[4.0],[10.0],31
3483,[6.0],[53.0],603
3484,[2.0],[39.0],11
3485,[6.0],[53.0],592
3486,[11.0],[64.0],95
3487,[3.0],[17.0],437
3488,[8.0],[45.0],143
3489,[11.0],[64.0],585
3490,[2.0],[39.0],576
3491,[8.0],[11.0],460
3493,[4.0],"[10.0, 56.0]",199
3494,[11.0],[64.0],175
3495,[11.0],[64.0],41
3496,[11.0],[64.0],204
3497,[11.0],[64.0],574
3498,[2.0],[39.0],29
3499,[3.0],[6.0],91
3500,[3.0],[60.0],10
3501,[4.0],[10.0],18
3503,[2.0],[46.0],58
3504,[4.0],[14.0],273
3505,[4.0],[14.0],42
3506,[7.0],[59.0],83
3507,[3.0],[4.0],129
3508,"[2.0, 5.0]","[32.0, 39.0]",120
3509,[7.0],[18.0],562
3510,[4.0],[31.0],554
3511,[11.0],[64.0],559
3512,[3.0],[6.0],254
3513,[4.0],[10.0],152
3514,[4.0],[31.0],100
3515,[11.0],[64.0],429
3516,[3.0],[24.0],67
3517,[11.0],[62.0],556
3518,[11.0],[64.0],548
3519,[11.0],[15.0],107
3520,"[2.0, 5.0]","[32.0, 66.0]",61
3521,[3.0],[42.0],135
3522,[2.0],[46.0],547
3523,[11.0],[64.0],319
3524,[6.0],[53.0],446
3525,[2.0],[66.0],514
3526,[3.0],[7.0],49
3527,[11.0],[64.0],541
3528,[4.0],[56.0],537
3530,[6.0],[53.0],89
3531,[1.0],[48.0],417
3532,[5.0],[32.0],150
3533,[2.0],[39.0],80
3534,[11.0],[15.0],536
3535,[4.0],[9.0],112
3536,[11.0],[64.0],536
3537,[2.0],[39.0],167
3538,"[4.0, 7.0]","[14.0, 18.0]",421
3539,[4.0],[14.0],30
3540,[2.0],[39.0],461
3541,[3.0],[7.0],26
3542,[6.0],"[53.0, 54.0]",353
3543,[4.0],[14.0],440
3545,"[2.0, 4.0]","[14.0, 39.0]",401
3546,[11.0],[64.0],521
3548,[2.0],[39.0],519
3549,[3.0],[7.0],16
3551,[11.0],[15.0],116
3552,[2.0],[39.0],68
3553,[4.0],[14.0],106
3554,[6.0],[53.0],83
3555,[4.0],[10.0],106
3556,[6.0],[57.0],515
3557,"[2.0, 8.0]","[39.0, 69.0]",510
3558,[2.0],[39.0],23
3559,[11.0],[64.0],509
3560,[11.0],[64.0],507
3561,[4.0],[14.0],56
3562,[11.0],[64.0],63
3563,[8.0],[69.0],24
3565,[11.0],[64.0],22
3566,[11.0],[64.0],506
3567,[8.0],[47.0],199
3568,[11.0],[64.0],437
3569,[4.0],[26.0],78
3570,"[4.0, 11.0]","[14.0, 64.0]",353
3572,[6.0],[22.0],148
3573,[3.0],[60.0],493
3574,"[4.0, 8.0]","[14.0, 69.0]",493
3575,[7.0],[38.0],373
3576,[3.0],[17.0],229
3577,[3.0],[42.0],29
3578,[11.0],[64.0],489
3580,[2.0],[39.0],477
3581,[4.0],[10.0],50
3583,[4.0],[10.0],27
3584,[7.0],[38.0],462
3585,[1.0],[48.0],272
3586,[3.0],[60.0],451
3587,[4.0],[10.0],1
3588,[3.0],[5.0],452
3590,[11.0],[64.0],83
3591,[11.0],[64.0],403
3592,[4.0],[14.0],447
3594,[4.0],[14.0],80
3595,[1.0],[27.0],86
3596,[3.0],[83.0],68
3597,[11.0],[64.0],8
3598,[11.0],[64.0],61
3599,[3.0],[60.0],106
3600,[5.0],[32.0],150
3601,"[3.0, 4.0]","[16.0, 60.0]",194
3602,[4.0],[10.0],158
3603,[4.0],[14.0],38
3606,[1.0],[12.0],51
3607,[11.0],[64.0],71
3608,[11.0],[64.0],433
3610,[1.0],[41.0],31
3611,[4.0],[10.0],147
3612,[11.0],[15.0],421
3614,[7.0],[40.0],67
3615,[6.0],[22.0],265
3616,[11.0],[62.0],423
3618,[4.0],[14.0],413
3619,[3.0],[6.0],414
3620,[11.0],[64.0],260
3622,[3.0],[60.0],221
3624,[8.0],[25.0],28
3626,[11.0],[64.0],393
3627,[7.0],[8.0],156
3629,[11.0],[64.0],240
3630,[3.0],[60.0],39
3631,[7.0],[18.0],379
3632,[4.0],[56.0],310
3633,[11.0],[64.0],119
3635,[12.0],[19.0],364
3636,[2.0],[66.0],216
3637,[6.0],[53.0],359
3638,[4.0],[10.0],93
3639,[6.0],[53.0],345
3640,[4.0],[56.0],321
3641,[4.0],[56.0],11
3642,[1.0],[48.0],40
3643,[6.0],[53.0],330
3645,[2.0],[46.0],315
3647,"[2.0, 7.0]","[18.0, 66.0]",104
3649,[3.0],[24.0],294
3650,[11.0],[64.0],286
3651,"[8.0, 11.0]","[15.0, 45.0]",203
3652,[4.0],[30.0],277
3654,[2.0],[66.0],269
3655,[4.0],[14.0],258
3656,[4.0],[16.0],228
3658,[8.0],[23.0],215
3659,[7.0],[38.0],192
3660,[4.0],[10.0],74
3661,[6.0],[53.0],192
3663,[6.0],[53.0],110
3664,[3.0],[7.0],174
3666,[7.0],[18.0],160
3667,[11.0],[64.0],162
3668,[7.0],[18.0],142
3669,[4.0],[30.0],139
3670,[4.0],[10.0],52
3671,[8.0],[21.0],102
3672,[1.0],[12.0],88
3673,[8.0],[45.0],11
3675,[4.0],[16.0],43
3676,[8.0],[11.0],29
3678,[3.0],[60.0],15
3679,[4.0],[31.0],14
